source,timestamp,url,hcp,alternative_therapy,insight,sentiment
linkedin,2024-07-05T09:30:07.936Z,https://www.linkedin.com/pulse/global-olanzapine-tablets-market-challenges-82zhc,"{'name': '', 'specialty': '', 'affiliation': '', 'geographical_region': ''}","{'name': '', 'type': '', 'indication': '', 'manufacturer': '', 'approval_status': ''}","{'type': '', 'source': '', 'timestamp': '', 'insight_text': ''}","{'type': '', 'intensity': ''}"
linkedin,2024-08-23T17:30:05.856Z,https://www.linkedin.com/pulse/south-korea-aripiprazole-tablets-market-applications-ji3nc,"{'name': '', 'specialty': '', 'affiliation': '', 'geographical_region': ''}","{'name': '', 'type': '', 'indication': '', 'manufacturer': '', 'approval_status': ''}","{'type': '', 'source': '', 'timestamp': '', 'insight_text': ''}","{'type': '', 'intensity': ''}"
linkedin,2024-06-28T18:15:55.805Z,https://www.linkedin.com/feed/update/urn:li:activity:7212519101007622144?updateEntityUrn=urn%3Ali%3Afs_updateV2%3A%28urn%3Ali%3Aactivity%3A7212519101007622144%2CFEED_DETAIL%2CEMPTY%2CDEFAULT%2Cfalse%29,"{'name': 'Bristol Myers Squibb', 'specialty': 'Pharmaceuticals', 'affiliation': 'Bristol Myers Squibb', 'geographical_region': 'Global'}","{'name': '', 'type': '', 'indication': '', 'manufacturer': '', 'approval_status': ''}","{'type': 'market impact', 'source': 'industry report', 'timestamp': '2023-10-01T00:00:00Z', 'insight_text': ""Bristol Myers Squibb's acquisition of Karuna Therapeutics for $14 billion is a significant investment in the schizophrenia treatment market, with potential sales of $2.8 billion by 2028.""}","{'type': 'positive', 'intensity': 'high'}"
linkedin,2023-12-06T12:35:29.186Z,https://www.linkedin.com/pulse/using-artificial-intelligence-healthcare-united-arab-emirates-3qn6e,"{'name': '', 'specialty': '', 'affiliation': '', 'geographical_region': 'UAE'}","{'name': '', 'type': '', 'indication': '', 'manufacturer': '', 'approval_status': ''}","{'type': 'AI in healthcare', 'source': 'Value Science Weekly', 'timestamp': '2023-10-01T00:00:00Z', 'insight_text': 'AI is transforming diagnostics and treatment in healthcare.'}","{'type': 'mixed', 'intensity': 'moderate'}"
linkedin,2024-08-23T01:30:07.894Z,https://www.linkedin.com/pulse/paliperidone-extended-release-tablets-market-report-in-depth-lj09c,"{'name': '', 'specialty': '', 'affiliation': '', 'geographical_region': ''}","{'name': '', 'type': '', 'indication': '', 'manufacturer': '', 'approval_status': ''}","{'type': '', 'source': '', 'timestamp': '', 'insight_text': ''}","{'type': '', 'intensity': ''}"
linkedin,2024-03-18T17:34:52.727Z,https://www.linkedin.com/feed/update/urn:li:activity:7175545207818485760?updateEntityUrn=urn%3Ali%3Afs_updateV2%3A%28urn%3Ali%3Aactivity%3A7175545207818485760%2CFEED_DETAIL%2CEMPTY%2CDEFAULT%2Cfalse%29,"{'name': '', 'specialty': '', 'affiliation': '', 'geographical_region': ''}","{'name': '', 'type': '', 'indication': '', 'manufacturer': '', 'approval_status': ''}","{'type': 'comparison', 'source': '', 'timestamp': '', 'insight_text': 'Distinction between Aripiprazole and Risperidone in the context of schizophrenia treatments.'}","{'type': '', 'intensity': ''}"
linkedin,2024-08-30T12:00:28.883Z,https://www.linkedin.com/pulse/olanzapine-consumption-market-growth-forecast-6kcrf,"{'name': '', 'specialty': '', 'affiliation': '', 'geographical_region': ''}","{'name': '', 'type': '', 'indication': '', 'manufacturer': '', 'approval_status': ''}","{'type': 'discussion', 'source': 'online forum', 'timestamp': '', 'insight_text': ''}","{'type': '', 'intensity': ''}"
linkedin,2024-05-24T18:41:28.620Z,https://www.linkedin.com/feed/update/urn:li:activity:7199841954803638272?updateEntityUrn=urn%3Ali%3Afs_updateV2%3A%28urn%3Ali%3Aactivity%3A7199841954803638272%2CFEED_DETAIL%2CEMPTY%2CDEFAULT%2Cfalse%29,"{'name': '', 'specialty': 'Psychiatry', 'affiliation': '', 'geographical_region': ''}","{'name': '', 'type': '', 'indication': '', 'manufacturer': '', 'approval_status': ''}","{'type': 'comparison', 'source': 'comprehensive guide', 'timestamp': '2023-10-01T00:00:00Z', 'insight_text': 'Antipsychotic drugs are crucial in the treatment of severe mental health disorders but require careful monitoring due to their potential side effects and the need for dosage adjustments to find the optimal therapeutic balance.'}","{'type': 'mixed', 'intensity': 'moderate'}"
linkedin,2024-01-23T06:48:46.726Z,https://www.linkedin.com/pulse/risperidone-market-growth-research-report-jjuuf,"{'name': '', 'specialty': '', 'affiliation': '', 'geographical_region': ''}","{'name': '', 'type': '', 'indication': '', 'manufacturer': '', 'approval_status': ''}","{'type': '', 'source': '', 'timestamp': '', 'insight_text': ''}","{'type': '', 'intensity': ''}"
linkedin,2024-08-09T19:00:04.806Z,https://www.linkedin.com/pulse/united-states-aripiprazole-lauroxil-market-application-hfqif,"{'name': '', 'specialty': '', 'affiliation': '', 'geographical_region': ''}","{'name': '', 'type': '', 'indication': '', 'manufacturer': '', 'approval_status': ''}","{'type': '', 'source': '', 'timestamp': '', 'insight_text': ''}","{'type': '', 'intensity': ''}"
linkedin,2023-12-10T05:20:30.570Z,https://www.linkedin.com/feed/update/urn:li:activity:7139483999042736128?updateEntityUrn=urn%3Ali%3Afs_updateV2%3A%28urn%3Ali%3Aactivity%3A7139483999042736128%2CFEED_DETAIL%2CEMPTY%2CDEFAULT%2Cfalse%29,"{'name': 'Dong Yun Lee', 'specialty': 'Psychiatry', 'affiliation': 'Not specified', 'geographical_region': 'South Korea'}","{'name': 'Not applicable', 'type': 'Not applicable', 'indication': 'Not applicable', 'manufacturer': 'Not applicable', 'approval_status': 'Not applicable'}","{'type': 'comparison', 'source': 'clinical study', 'timestamp': '2023-10-01T00:00:00Z', 'insight_text': 'Parkinsonism was significantly higher with risperidone than with aripiprazole. Cardiometabolic events did not differ significantly between the groups. No difference in adverse events with aripiprazole or risperidone compared to olanzapine.'}","{'type': 'neutral', 'intensity': 'moderate'}"
linkedin,2022-12-23T20:37:02.870Z,https://www.linkedin.com/feed/update/urn:li:activity:7012154124775432192?updateEntityUrn=urn%3Ali%3Afs_updateV2%3A%28urn%3Ali%3Aactivity%3A7012154124775432192%2CFEED_DETAIL%2CEMPTY%2CDEFAULT%2Cfalse%29,"{'name': 'Unnamed Healthcare Professional', 'specialty': 'Psychiatry', 'affiliation': 'Private Practice', 'geographical_region': 'Not specified'}","{'name': 'Not applicable', 'type': 'Not applicable', 'indication': 'Not applicable', 'manufacturer': 'Not applicable', 'approval_status': 'Not applicable'}","{'type': 'research', 'source': 'Cochrane Review', 'timestamp': '2023-10-01T00:00:00Z', 'insight_text': 'There was a Cochrane Review published on medications for Gambling Disorder, highlighting Naltrexone, Nalmefene, and Olanzapine as promising treatments.'}","{'type': 'mixed', 'intensity': 'moderate'}"
linkedin,2024-04-09T05:08:47.863Z,https://www.linkedin.com/pulse/paliperidone-market-2024-size-forecast-rabpc,"{'name': '', 'specialty': '', 'affiliation': '', 'geographical_region': ''}","{'name': '', 'type': '', 'indication': '', 'manufacturer': '', 'approval_status': ''}","{'type': '', 'source': '', 'timestamp': '', 'insight_text': ''}","{'type': '', 'intensity': ''}"
linkedin,2024-01-29T17:02:18.452Z,https://www.linkedin.com/pulse/paliperidone-market-size-growth-global-jkdvc,"{'name': '', 'specialty': '', 'affiliation': '', 'geographical_region': ''}","{'name': '', 'type': '', 'indication': '', 'manufacturer': '', 'approval_status': ''}","{'type': '', 'source': '', 'timestamp': '', 'insight_text': ''}","{'type': '', 'intensity': ''}"
linkedin,2024-08-01T03:30:34.914Z,https://www.linkedin.com/pulse/united-states-risperidone-api-market-0vutf,"{'name': '', 'specialty': '', 'affiliation': '', 'geographical_region': ''}","{'name': '', 'type': '', 'indication': '', 'manufacturer': '', 'approval_status': ''}","{'type': '', 'source': '', 'timestamp': '', 'insight_text': ''}","{'type': '', 'intensity': ''}"
linkedin,2023-05-17T13:37:57.454Z,https://www.linkedin.com/pulse/us-fda-new-drug-approvals-april-2023-the-pharmashots,"{'name': '', 'specialty': 'Psychiatry', 'affiliation': '', 'geographical_region': 'US'}","{'name': '', 'type': '', 'indication': '', 'manufacturer': '', 'approval_status': ''}","{'type': 'approval', 'source': 'US FDA', 'timestamp': '2023-04-01T00:00:00Z', 'insight_text': 'Abilify Asimtufii (aripiprazole) has received US FDA approval as the first long-acting injectable for schizophrenia or bipolar I disorder.'}","{'type': 'mixed', 'intensity': 'moderate'}"
linkedin,2024-09-13T12:30:14.949Z,https://www.linkedin.com/pulse/website-software-localization-services-market-applicationmachine-onr7e,"{'name': '', 'specialty': '', 'affiliation': '', 'geographical_region': ''}","{'name': '', 'type': '', 'indication': '', 'manufacturer': '', 'approval_status': ''}","{'type': '', 'source': '', 'timestamp': '', 'insight_text': ''}","{'type': '', 'intensity': ''}"
linkedin,2024-07-24T03:00:06.966Z,https://www.linkedin.com/pulse/pharmaceutical-grade-paliperidone-market-arssc,"{'name': '', 'specialty': '', 'affiliation': '', 'geographical_region': ''}","{'name': '', 'type': '', 'indication': '', 'manufacturer': '', 'approval_status': ''}","{'type': '', 'source': '', 'timestamp': '', 'insight_text': ''}","{'type': '', 'intensity': ''}"
linkedin,2024-01-28T09:02:32.870Z,https://www.linkedin.com/feed/update/urn:li:activity:7157296882233294848?updateEntityUrn=urn%3Ali%3Afs_updateV2%3A%28urn%3Ali%3Aactivity%3A7157296882233294848%2CFEED_DETAIL%2CEMPTY%2CDEFAULT%2Cfalse%29,"{'name': '', 'specialty': '', 'affiliation': '', 'geographical_region': ''}","{'name': '', 'type': '', 'indication': '', 'manufacturer': '', 'approval_status': ''}","{'type': '', 'source': '', 'timestamp': '', 'insight_text': ''}","{'type': '', 'intensity': ''}"
linkedin,2024-04-01T19:05:11.893Z,https://www.linkedin.com/feed/update/urn:li:activity:7180641367566565378?updateEntityUrn=urn%3Ali%3Afs_updateV2%3A%28urn%3Ali%3Aactivity%3A7180641367566565378%2CFEED_DETAIL%2CEMPTY%2CDEFAULT%2Cfalse%29,"{'name': ""Michelle O'Brien"", 'specialty': 'Patent Law', 'affiliation': 'The Marbury Law Group, PLLC', 'geographical_region': 'United States'}","{'name': '', 'type': '', 'indication': '', 'manufacturer': '', 'approval_status': ''}","{'type': 'legal analysis', 'source': 'court ruling', 'timestamp': '2023-10-01T00:00:00Z', 'insight_text': ""The Federal Circuit emphasized that claims at issue did not always match up with the district court's nonobviousness analysis.""}","{'type': 'neutral', 'intensity': 'moderate'}"
linkedin,2024-05-02T00:13:15.425Z,https://www.linkedin.com/feed/update/urn:li:activity:7191590529086709760?updateEntityUrn=urn%3Ali%3Afs_updateV2%3A%28urn%3Ali%3Aactivity%3A7191590529086709760%2CFEED_DETAIL%2CEMPTY%2CDEFAULT%2Cfalse%29,"{'name': '', 'specialty': '', 'affiliation': '', 'geographical_region': ''}","{'name': '', 'type': '', 'indication': '', 'manufacturer': '', 'approval_status': ''}","{'type': '', 'source': '', 'timestamp': '', 'insight_text': ''}","{'type': '', 'intensity': ''}"
linkedin,2023-03-03T05:12:42.277Z,https://www.linkedin.com/feed/update/urn:li:activity:7037288656780312576?updateEntityUrn=urn%3Ali%3Afs_updateV2%3A%28urn%3Ali%3Aactivity%3A7037288656780312576%2CFEED_DETAIL%2CEMPTY%2CDEFAULT%2Cfalse%29,"{'name': 'Prof. Vaishali Londhe', 'specialty': 'Pharmaceutical Sciences', 'affiliation': 'Shobhaben Pratapbhai Patel School of Pharmacy and Technology Management, SVKM’s NMIMS', 'geographical_region': 'India'}","{'name': '', 'type': '', 'indication': '', 'manufacturer': '', 'approval_status': ''}","{'type': '', 'source': '', 'timestamp': '', 'insight_text': ''}","{'type': '', 'intensity': ''}"
linkedin,2023-10-05T17:40:10.777Z,https://www.linkedin.com/feed/update/urn:li:activity:7115752543992832001?updateEntityUrn=urn%3Ali%3Afs_updateV2%3A%28urn%3Ali%3Aactivity%3A7115752543992832001%2CFEED_DETAIL%2CEMPTY%2CDEFAULT%2Cfalse%29,"{'name': '', 'specialty': '', 'affiliation': '', 'geographical_region': ''}","{'name': '', 'type': '', 'indication': '', 'manufacturer': '', 'approval_status': ''}","{'type': 'discussion', 'source': 'online forum', 'timestamp': '2023-10-01T00:00:00Z', 'insight_text': 'Living with mental health issues like schizophrenia is challenging, and understanding the treatments available is crucial.'}","{'type': 'mixed', 'intensity': 'moderate'}"
linkedin,2024-06-26T01:35:26.639Z,https://www.linkedin.com/feed/update/urn:li:activity:7211542544705310720?updateEntityUrn=urn%3Ali%3Afs_updateV2%3A%28urn%3Ali%3Aactivity%3A7211542544705310720%2CFEED_DETAIL%2CEMPTY%2CDEFAULT%2Cfalse%29,"{'name': '', 'specialty': '', 'affiliation': '', 'geographical_region': ''}","{'name': '', 'type': '', 'indication': '', 'manufacturer': '', 'approval_status': ''}","{'type': '', 'source': '', 'timestamp': '', 'insight_text': ''}","{'type': '', 'intensity': ''}"
linkedin,2024-05-24T12:21:47.855Z,https://www.linkedin.com/feed/update/urn:li:activity:7199746405349892096?updateEntityUrn=urn%3Ali%3Afs_updateV2%3A%28urn%3Ali%3Aactivity%3A7199746405349892096%2CFEED_DETAIL%2CEMPTY%2CDEFAULT%2Cfalse%29,"{'name': 'Executive Director of US Marketing', 'specialty': 'Marketing', 'affiliation': 'BMS', 'geographical_region': 'US'}","{'name': '', 'type': '', 'indication': '', 'manufacturer': '', 'approval_status': ''}","{'type': 'launch announcement', 'source': 'personal announcement', 'timestamp': '2023-10-01T00:00:00Z', 'insight_text': 'I have recently assumed the role of Executive Director of US Marketing for the launch of KarXT at BMS.'}","{'type': 'positive', 'intensity': 'high'}"
linkedin,2023-11-04T10:12:57.713Z,https://www.linkedin.com/feed/update/urn:li:activity:7126511633933213696?updateEntityUrn=urn%3Ali%3Afs_updateV2%3A%28urn%3Ali%3Aactivity%3A7126511633933213696%2CFEED_DETAIL%2CEMPTY%2CDEFAULT%2Cfalse%29,"{'name': '', 'specialty': '', 'affiliation': '', 'geographical_region': ''}","{'name': '', 'type': '', 'indication': '', 'manufacturer': '', 'approval_status': ''}","{'type': '', 'source': '', 'timestamp': '', 'insight_text': ''}","{'type': '', 'intensity': ''}"
linkedin,2023-12-24T13:16:08.853Z,https://www.linkedin.com/feed/update/urn:li:activity:7144677127395704832?updateEntityUrn=urn%3Ali%3Afs_updateV2%3A%28urn%3Ali%3Aactivity%3A7144677127395704832%2CFEED_DETAIL%2CEMPTY%2CDEFAULT%2Cfalse%29,"{'name': '', 'specialty': 'Psychiatry', 'affiliation': '', 'geographical_region': 'Asia'}","{'name': '', 'type': '', 'indication': '', 'manufacturer': '', 'approval_status': ''}","{'type': 'efficacy and safety', 'source': 'REMISSIO Study', 'timestamp': '2018-03-01T00:00:00Z', 'insight_text': '71% of Asian patients achieved symptomatic remission with PP3M compared to 56.8% in the overall population.'}","{'type': 'positive', 'intensity': 'moderate'}"
linkedin,2024-07-16T09:30:09.546Z,https://www.linkedin.com/pulse/north-america-olanzapine-api-market-application-te6zf,"{'name': '', 'specialty': '', 'affiliation': '', 'geographical_region': ''}","{'name': '', 'type': '', 'indication': '', 'manufacturer': '', 'approval_status': ''}","{'type': '', 'source': '', 'timestamp': '', 'insight_text': ''}","{'type': '', 'intensity': ''}"
linkedin,2024-08-16T17:15:06.389Z,https://www.linkedin.com/pulse/global-aripiprazole-oral-solution-market-application-xwc9c,"{'name': '', 'specialty': '', 'affiliation': '', 'geographical_region': ''}","{'name': '', 'type': '', 'indication': '', 'manufacturer': '', 'approval_status': ''}","{'type': 'market analysis', 'source': 'LinkedIn', 'timestamp': '2023-10-01T00:00:00Z', 'insight_text': 'The aripiprazole oral solution market is expected to grow, with increasing demand for both original and generic drugs.'}","{'type': 'positive', 'intensity': 'moderate'}"
linkedin,2024-07-17T17:30:30.971Z,https://www.linkedin.com/pulse/north-america-aripiprazole-api-market-application-sqeuf,"{'name': '', 'specialty': '', 'affiliation': '', 'geographical_region': ''}","{'name': '', 'type': '', 'indication': '', 'manufacturer': '', 'approval_status': ''}","{'type': '', 'source': '', 'timestamp': '', 'insight_text': ''}","{'type': '', 'intensity': ''}"
linkedin,2024-06-12T12:30:04.212Z,https://www.linkedin.com/pulse/adult-pediatric-vaccines-market-size-emerging-growth-ibvvf,"{'name': '', 'specialty': '', 'affiliation': '', 'geographical_region': ''}","{'name': '', 'type': '', 'indication': '', 'manufacturer': '', 'approval_status': ''}","{'type': '', 'source': '', 'timestamp': '', 'insight_text': ''}","{'type': '', 'intensity': ''}"
linkedin,2024-08-23T09:00:03.941Z,https://www.linkedin.com/pulse/market-dynamics-future-trends-global-paliperidone-api-sector-8o0bf,"{'name': '', 'specialty': '', 'affiliation': '', 'geographical_region': ''}","{'name': '', 'type': '', 'indication': '', 'manufacturer': '', 'approval_status': ''}","{'type': '', 'source': '', 'timestamp': '', 'insight_text': ''}","{'type': '', 'intensity': ''}"
linkedin,2023-09-25T09:40:09.085Z,https://www.linkedin.com/pulse/risperidone-market-size-trends-growth-scope-2030,"{'name': '', 'specialty': '', 'affiliation': '', 'geographical_region': 'USA, New Jersey'}","{'name': '', 'type': '', 'indication': 'schizophrenia', 'manufacturer': '', 'approval_status': ''}","{'type': '', 'source': '', 'timestamp': '', 'insight_text': ''}","{'type': '', 'intensity': ''}"
linkedin,2024-07-20T08:30:08.330Z,https://www.linkedin.com/pulse/north-america-pharmaceutical-grade-paliperidone-market-vgsif,"{'name': '', 'specialty': '', 'affiliation': '', 'geographical_region': ''}","{'name': '', 'type': '', 'indication': '', 'manufacturer': '', 'approval_status': ''}","{'type': '', 'source': '', 'timestamp': '', 'insight_text': ''}","{'type': '', 'intensity': ''}"
linkedin,2024-09-13T05:30:08.731Z,https://www.linkedin.com/pulse/north-america-high-pressure-booster-compressor-market-hjnrf,"{'name': '', 'specialty': '', 'affiliation': '', 'geographical_region': ''}","{'name': '', 'type': '', 'indication': '', 'manufacturer': '', 'approval_status': ''}","{'type': '', 'source': '', 'timestamp': '', 'insight_text': ''}","{'type': '', 'intensity': ''}"
linkedin,2024-01-07T02:48:04.356Z,https://www.linkedin.com/feed/update/urn:li:activity:7149592497277579264?updateEntityUrn=urn%3Ali%3Afs_updateV2%3A%28urn%3Ali%3Aactivity%3A7149592497277579264%2CFEED_DETAIL%2CEMPTY%2CDEFAULT%2Cfalse%29,"{'name': '', 'specialty': 'Psychiatry', 'affiliation': '', 'geographical_region': ''}","{'name': '', 'type': '', 'indication': '', 'manufacturer': '', 'approval_status': ''}","{'type': 'efficacy and safety', 'source': 'clinical trial', 'timestamp': '2023-10-01T00:00:00Z', 'insight_text': 'KarXT showed great efficacy and good safety and tolerability in the phase 3 clinical trial.'}","{'type': 'positive', 'intensity': 'high'}"
linkedin,2023-03-28T04:37:52.976Z,https://www.linkedin.com/feed/update/urn:li:activity:7046339590256746497?updateEntityUrn=urn%3Ali%3Afs_updateV2%3A%28urn%3Ali%3Aactivity%3A7046339590256746497%2CFEED_DETAIL%2CEMPTY%2CDEFAULT%2Cfalse%29,"{'name': '', 'specialty': '', 'affiliation': '', 'geographical_region': ''}","{'name': '', 'type': '', 'indication': '', 'manufacturer': '', 'approval_status': ''}","{'type': '', 'source': '', 'timestamp': '', 'insight_text': ''}","{'type': '', 'intensity': ''}"
linkedin,2024-07-26T16:39:06.716Z,https://www.linkedin.com/feed/update/urn:li:activity:7222641596159213568?updateEntityUrn=urn%3Ali%3Afs_updateV2%3A%28urn%3Ali%3Aactivity%3A7222641596159213568%2CFEED_DETAIL%2CEMPTY%2CDEFAULT%2Cfalse%29,"{'name': '', 'specialty': '', 'affiliation': '', 'geographical_region': ''}","{'name': '', 'type': '', 'indication': '', 'manufacturer': '', 'approval_status': ''}","{'type': '', 'source': '', 'timestamp': '', 'insight_text': ''}","{'type': '', 'intensity': ''}"
linkedin,2024-07-21T23:07:18.902Z,https://www.linkedin.com/feed/update/urn:li:activity:7220927351340064769?updateEntityUrn=urn%3Ali%3Afs_updateV2%3A%28urn%3Ali%3Aactivity%3A7220927351340064769%2CFEED_DETAIL%2CEMPTY%2CDEFAULT%2Cfalse%29,"{'name': '', 'specialty': 'Psychiatry', 'affiliation': '', 'geographical_region': ''}","{'name': '', 'type': '', 'indication': '', 'manufacturer': '', 'approval_status': ''}","{'type': 'comparison', 'source': 'study abstract', 'timestamp': '2023-10-01T00:00:00Z', 'insight_text': 'The use of clozapine had a protective effect on survival when compared to olanzapine, risperidone, quetiapine, and ziprasidone.'}","{'type': 'positive', 'intensity': 'moderate'}"
linkedin,2024-06-27T14:31:52.147Z,https://www.linkedin.com/feed/update/urn:li:activity:7212100326353514497?updateEntityUrn=urn%3Ali%3Afs_updateV2%3A%28urn%3Ali%3Aactivity%3A7212100326353514497%2CFEED_DETAIL%2CEMPTY%2CDEFAULT%2Cfalse%29,"{'name': '', 'specialty': 'Psychiatry', 'affiliation': '', 'geographical_region': ''}","{'name': '', 'type': '', 'indication': '', 'manufacturer': '', 'approval_status': ''}","{'type': 'comparison', 'source': 'online discussion', 'timestamp': '2023-10-01T00:00:00Z', 'insight_text': 'First-generation antipsychotics have more side effects compared to second-generation antipsychotics.'}","{'type': 'mixed', 'intensity': 'moderate'}"
linkedin,2024-08-06T16:58:47.436Z,https://www.linkedin.com/feed/update/urn:li:activity:7226632814979387392?updateEntityUrn=urn%3Ali%3Afs_updateV2%3A%28urn%3Ali%3Aactivity%3A7226632814979387392%2CFEED_DETAIL%2CEMPTY%2CDEFAULT%2Cfalse%29,"{'name': '', 'specialty': '', 'affiliation': '', 'geographical_region': ''}","{'name': '', 'type': '', 'indication': '', 'manufacturer': '', 'approval_status': ''}","{'type': '', 'source': '', 'timestamp': '', 'insight_text': ''}","{'type': '', 'intensity': ''}"
linkedin,2024-08-04T10:30:06.810Z,https://www.linkedin.com/pulse/paliperidone-extended-release-tablets-market-analysis-forecast-nmtnc,"{'name': '', 'specialty': 'psychiatry', 'affiliation': '', 'geographical_region': ''}","{'name': '', 'type': '', 'indication': '', 'manufacturer': '', 'approval_status': ''}","{'type': 'market impact', 'source': 'online discussion', 'timestamp': '', 'insight_text': 'The market for paliperidone extended release tablets is expected to grow significantly due to increasing prevalence of schizophrenia.'}","{'type': 'positive', 'intensity': 'moderate'}"
linkedin,2024-02-20T08:49:46.779Z,https://www.linkedin.com/feed/update/urn:li:activity:7165628589923549184?updateEntityUrn=urn%3Ali%3Afs_updateV2%3A%28urn%3Ali%3Aactivity%3A7165628589923549184%2CFEED_DETAIL%2CEMPTY%2CDEFAULT%2Cfalse%29,"{'name': '', 'specialty': '', 'affiliation': '', 'geographical_region': ''}","{'name': '', 'type': '', 'indication': '', 'manufacturer': '', 'approval_status': ''}","{'type': '', 'source': '', 'timestamp': '', 'insight_text': ''}","{'type': '', 'intensity': ''}"
linkedin,2023-05-19T09:43:37.391Z,https://www.linkedin.com/feed/update/urn:li:activity:7065260701321207809?updateEntityUrn=urn%3Ali%3Afs_updateV2%3A%28urn%3Ali%3Aactivity%3A7065260701321207809%2CFEED_DETAIL%2CEMPTY%2CDEFAULT%2Cfalse%29,"{'name': 'Paresh', 'specialty': 'Pharmacology', 'affiliation': 'FDA', 'geographical_region': 'USA'}","{'name': 'Not specified', 'type': 'Not specified', 'indication': 'Not specified', 'manufacturer': 'Not specified', 'approval_status': 'Not specified'}","{'type': 'regulatory update', 'source': 'FDA', 'timestamp': '2023-10-17T00:00:00Z', 'insight_text': 'FDA revised the PSG for Paliperidone Palmitate Depot Injection regarding Injection site for PK BE Study.'}","{'type': 'neutral', 'intensity': 'low'}"
linkedin,2024-04-08T13:28:35.322Z,https://www.linkedin.com/feed/update/urn:li:activity:7183093372067217408?updateEntityUrn=urn%3Ali%3Afs_updateV2%3A%28urn%3Ali%3Aactivity%3A7183093372067217408%2CFEED_DETAIL%2CEMPTY%2CDEFAULT%2Cfalse%29,"{'name': '', 'specialty': '', 'affiliation': '', 'geographical_region': ''}","{'name': '', 'type': '', 'indication': '', 'manufacturer': '', 'approval_status': ''}","{'type': 'clinical trial', 'source': 'Bristol Myers Squibb', 'timestamp': '2023-10-21T00:00:00Z', 'insight_text': 'The investigational antipsychotic KarXT can elicit significant and sustained symptom improvement in patients with schizophrenia.'}","{'type': '', 'intensity': ''}"
linkedin,2024-08-13T12:30:09.046Z,https://www.linkedin.com/pulse/global-aripiprazole-oral-solution-market-type-nipqf,"{'name': '', 'specialty': '', 'affiliation': '', 'geographical_region': ''}","{'name': '', 'type': '', 'indication': '', 'manufacturer': '', 'approval_status': ''}","{'type': '', 'source': '', 'timestamp': '', 'insight_text': ''}","{'type': '', 'intensity': ''}"
linkedin,2024-06-18T18:20:23.223Z,https://www.linkedin.com/pulse/aripiprazole-drug-market-size-emerging-growth-pr7hf,"{'name': '', 'specialty': '', 'affiliation': '', 'geographical_region': ''}","{'name': '', 'type': '', 'indication': '', 'manufacturer': '', 'approval_status': ''}","{'type': '', 'source': '', 'timestamp': '', 'insight_text': ''}","{'type': '', 'intensity': ''}"
linkedin,2024-08-07T02:30:02.891Z,https://www.linkedin.com/pulse/olanzapine-api-market-size-competitive-dynamics-0ttmf,"{'name': '', 'specialty': '', 'affiliation': '', 'geographical_region': ''}","{'name': '', 'type': '', 'indication': '', 'manufacturer': '', 'approval_status': ''}","{'type': '', 'source': '', 'timestamp': '', 'insight_text': ''}","{'type': '', 'intensity': ''}"
linkedin,2024-07-05T08:49:14.314Z,https://www.linkedin.com/feed/update/urn:li:activity:7214913203477114880?updateEntityUrn=urn%3Ali%3Afs_updateV2%3A%28urn%3Ali%3Aactivity%3A7214913203477114880%2CFEED_DETAIL%2CEMPTY%2CDEFAULT%2Cfalse%29,"{'name': '', 'specialty': 'Psychiatry', 'affiliation': '', 'geographical_region': ''}","{'name': '', 'type': '', 'indication': '', 'manufacturer': '', 'approval_status': ''}","{'type': 'approval', 'source': 'FDA', 'timestamp': '2024-09-26T00:00:00', 'insight_text': 'Kar-XT is the first potential medicine of its kind with a truly new and unique dual mechanism.'}","{'type': '', 'intensity': ''}"
linkedin,2023-06-28T14:00:01.119Z,https://www.linkedin.com/feed/update/urn:li:activity:7079820739977035776?updateEntityUrn=urn%3Ali%3Afs_updateV2%3A%28urn%3Ali%3Aactivity%3A7079820739977035776%2CFEED_DETAIL%2CEMPTY%2CDEFAULT%2Cfalse%29,"{'name': '', 'specialty': 'psychiatry', 'affiliation': '', 'geographical_region': ''}","{'name': '', 'type': '', 'indication': '', 'manufacturer': '', 'approval_status': ''}","{'type': 'theoretical efficacy', 'source': 'online discussion', 'timestamp': '2023-10-01T00:00:00Z', 'insight_text': 'It seems like it should work as aripiprazole is approved for the treatment of acute mania and they share a similar mechanism of action.'}","{'type': 'mixed', 'intensity': 'moderate'}"
linkedin,2024-08-16T17:15:07.057Z,https://www.linkedin.com/pulse/global-aripiprazole-tablets-market-application-sto3c,"{'name': '', 'specialty': '', 'affiliation': '', 'geographical_region': ''}","{'name': '', 'type': '', 'indication': '', 'manufacturer': '', 'approval_status': ''}","{'type': 'market impact', 'source': 'online discussion', 'timestamp': '2023-10-01T00:00:00Z', 'insight_text': 'The aripiprazole tablets market is expected to grow significantly due to increasing prevalence of schizophrenia.'}","{'type': 'positive', 'intensity': 'moderate'}"
linkedin,2023-09-09T15:50:00.027Z,https://www.linkedin.com/feed/update/urn:li:activity:7106302731992084481?updateEntityUrn=urn%3Ali%3Afs_updateV2%3A%28urn%3Ali%3Aactivity%3A7106302731992084481%2CFEED_DETAIL%2CEMPTY%2CDEFAULT%2Cfalse%29,"{'name': 'Christoph Correll, MD', 'specialty': 'Psychiatry', 'affiliation': 'Janssen Inc.', 'geographical_region': ''}","{'name': '', 'type': '', 'indication': '', 'manufacturer': '', 'approval_status': ''}","{'type': 'data presentation', 'source': 'clinical trial', 'timestamp': '2023-10-01T00:00:00Z', 'insight_text': 'New data presented by Christoph Correll, MD on Paliperidone Palmitate.'}","{'type': '', 'intensity': ''}"
linkedin,2024-09-07T18:28:07.208Z,https://www.linkedin.com/pulse/paliperidone-api-market-size-share-top-trends-opportunities-pw5bc,"{'name': '', 'specialty': '', 'affiliation': '', 'geographical_region': ''}","{'name': '', 'type': '', 'indication': '', 'manufacturer': '', 'approval_status': ''}","{'type': '', 'source': '', 'timestamp': '', 'insight_text': ''}","{'type': '', 'intensity': ''}"
linkedin,2024-07-29T15:30:07.269Z,https://www.linkedin.com/pulse/north-america-paliperidone-palmitate-api-market-qf4df,"{'name': '', 'specialty': '', 'affiliation': '', 'geographical_region': ''}","{'name': '', 'type': '', 'indication': '', 'manufacturer': '', 'approval_status': ''}","{'type': '', 'source': '', 'timestamp': '', 'insight_text': ''}","{'type': '', 'intensity': ''}"
linkedin,2022-11-04T14:52:19.342Z,https://www.linkedin.com/feed/update/urn:li:activity:6994310366356733953?updateEntityUrn=urn%3Ali%3Afs_updateV2%3A%28urn%3Ali%3Aactivity%3A6994310366356733953%2CFEED_DETAIL%2CEMPTY%2CDEFAULT%2Cfalse%29,"{'name': 'Eiry W. Roberts, M.D.', 'specialty': 'Chief Medical Officer', 'affiliation': 'Neurocrine Biosciences', 'geographical_region': ''}","{'name': '', 'type': '', 'indication': '', 'manufacturer': '', 'approval_status': ''}","{'type': 'study results', 'source': 'Phase 3 KINECT-HD', 'timestamp': '2023-10-17T00:00:00', 'insight_text': 'The additional findings of the Phase 3 KINECT-HD study presented in this poster demonstrate an improvement in chorea over time, with an increase in responder rates in the TMC primary endpoint, and CGI-C and PGI-C outcomes by study visit up to Week 12.'}","{'type': '', 'intensity': ''}"
linkedin,2023-01-16T06:49:22.674Z,https://www.linkedin.com/feed/update/urn:li:activity:7020643143591108608?updateEntityUrn=urn%3Ali%3Afs_updateV2%3A%28urn%3Ali%3Aactivity%3A7020643143591108608%2CFEED_DETAIL%2CEMPTY%2CDEFAULT%2Cfalse%29,"{'name': 'Ms Nitu Srivastava', 'specialty': 'sales and marketing', 'affiliation': 'Surya Life sciences pvt ltd', 'geographical_region': 'Ankleshwar, Gujarat, India'}","{'name': '', 'type': '', 'indication': '', 'manufacturer': '', 'approval_status': ''}","{'type': '', 'source': '', 'timestamp': '', 'insight_text': ''}","{'type': '', 'intensity': ''}"
linkedin,2024-06-29T14:30:05.423Z,https://www.linkedin.com/pulse/global-aripiprazole-orally-disintegrating-jp8oc,"{'name': '', 'specialty': '', 'affiliation': '', 'geographical_region': ''}","{'name': '', 'type': '', 'indication': '', 'manufacturer': '', 'approval_status': ''}","{'type': '', 'source': '', 'timestamp': '', 'insight_text': ''}","{'type': '', 'intensity': ''}"
linkedin,2024-05-02T04:09:54.292Z,https://www.linkedin.com/feed/update/urn:li:activity:7191650083451363328?updateEntityUrn=urn%3Ali%3Afs_updateV2%3A%28urn%3Ali%3Aactivity%3A7191650083451363328%2CFEED_DETAIL%2CEMPTY%2CDEFAULT%2Cfalse%29,"{'name': '', 'specialty': 'Psychiatry', 'affiliation': '', 'geographical_region': ''}","{'name': '', 'type': '', 'indication': '', 'manufacturer': '', 'approval_status': ''}","{'type': 'side-effect', 'source': 'clinical discussion', 'timestamp': '2023-10-01T00:00:00Z', 'insight_text': 'Haloperidol and Paliperidone are known to cause muscle stiffness as a side effect.'}","{'type': 'mixed', 'intensity': 'moderate'}"
linkedin,2024-05-23T15:54:13.144Z,https://www.linkedin.com/feed/update/urn:li:activity:7199437475100958720?updateEntityUrn=urn%3Ali%3Afs_updateV2%3A%28urn%3Ali%3Aactivity%3A7199437475100958720%2CFEED_DETAIL%2CEMPTY%2CDEFAULT%2Cfalse%29,"{'name': '', 'specialty': 'Psychiatry', 'affiliation': '', 'geographical_region': 'USA'}","{'name': 'Other drugs for neurological disorders', 'type': 'various', 'indication': 'neurological disorders', 'manufacturer': '', 'approval_status': 'approved'}","{'type': 'efficacy and safety', 'source': 'The Lancet', 'timestamp': '2023-10-01T00:00:00Z', 'insight_text': 'Efficacy and safety of the muscarinic receptor agonist KarXT (xanomeline–trospium) in schizophrenia (EMERGENT-2) in the USA: results from a randomised, double-blind, placebo-controlled, flexible-dose phase 3 trial.'}","{'type': 'positive', 'intensity': 'high'}"
linkedin,2024-09-02T12:50:21.723Z,https://www.linkedin.com/feed/update/urn:li:activity:7236354768258949120?updateEntityUrn=urn%3Ali%3Afs_updateV2%3A%28urn%3Ali%3Aactivity%3A7236354768258949120%2CFEED_DETAIL%2CEMPTY%2CDEFAULT%2Cfalse%29,"{'name': 'Canadian Network for Mood and Anxiety Treatments (CANMAT)', 'specialty': 'Mental Health', 'affiliation': 'CANMAT', 'geographical_region': 'Canada'}","{'name': '', 'type': '', 'indication': '', 'manufacturer': '', 'approval_status': ''}","{'type': 'clinical guidelines update', 'source': 'CANMAT', 'timestamp': '2023-01-01T00:00:00Z', 'insight_text': 'The CANMAT 2023 update provides recommendations for managing difficult to treat depression, including switching and augmenting antidepressants.'}","{'type': 'mixed', 'intensity': 'moderate'}"
linkedin,2024-08-29T12:00:14.422Z,https://www.linkedin.com/feed/update/urn:li:activity:7234892603261947906?updateEntityUrn=urn%3Ali%3Afs_updateV2%3A%28urn%3Ali%3Aactivity%3A7234892603261947906%2CFEED_DETAIL%2CEMPTY%2CDEFAULT%2Cfalse%29,"{'name': '', 'specialty': 'psychiatry', 'affiliation': '', 'geographical_region': ''}","{'name': '', 'type': '', 'indication': '', 'manufacturer': '', 'approval_status': ''}","{'type': 'comparison', 'source': 'online discussion', 'timestamp': '2023-10-01T00:00:00Z', 'insight_text': 'If there is no response to lithium, add an SGA for the management of acute, classic mania. Consider quetiapine first and then risperidone and olanzapine. Olanzapine is less recommended due to its side effects. Risperidone is preferred over olanzapine.'}","{'type': 'mixed', 'intensity': 'moderate'}"
linkedin,2024-03-20T08:02:56.531Z,https://www.linkedin.com/feed/update/urn:li:activity:7176126050991566849?updateEntityUrn=urn%3Ali%3Afs_updateV2%3A%28urn%3Ali%3Aactivity%3A7176126050991566849%2CFEED_DETAIL%2CEMPTY%2CDEFAULT%2Cfalse%29,"{'name': '', 'specialty': '', 'affiliation': '', 'geographical_region': ''}","{'name': '', 'type': '', 'indication': '', 'manufacturer': '', 'approval_status': ''}","{'type': 'approval', 'source': 'U.S. FDA', 'timestamp': '2023-10-01T00:00:00Z', 'insight_text': 'Lupin received approval for Aripiprazole Tablets USP, a generic equivalent of Abilify.'}","{'type': '', 'intensity': ''}"
linkedin,2024-08-23T02:30:32.692Z,https://www.linkedin.com/feed/update/urn:li:activity:7232574907501449217?updateEntityUrn=urn%3Ali%3Afs_updateV2%3A%28urn%3Ali%3Aactivity%3A7232574907501449217%2CFEED_DETAIL%2CEMPTY%2CDEFAULT%2Cfalse%29,"{'name': '', 'specialty': '', 'affiliation': '', 'geographical_region': ''}","{'name': '', 'type': '', 'indication': '', 'manufacturer': '', 'approval_status': ''}","{'type': '', 'source': '', 'timestamp': '', 'insight_text': ''}","{'type': '', 'intensity': ''}"
linkedin,2023-12-19T16:03:43.566Z,https://www.linkedin.com/feed/update/urn:li:activity:7142907360590667776?updateEntityUrn=urn%3Ali%3Afs_updateV2%3A%28urn%3Ali%3Aactivity%3A7142907360590667776%2CFEED_DETAIL%2CEMPTY%2CDEFAULT%2Cfalse%29,"{'name': '', 'specialty': 'Psychiatry', 'affiliation': '', 'geographical_region': ''}","{'name': '', 'type': '', 'indication': '', 'manufacturer': '', 'approval_status': ''}","{'type': 'comparison', 'source': 'online discussion forum', 'timestamp': '2023-10-01T00:00:00Z', 'insight_text': 'Antipsychotic polypharmacy (vs monotherapy) is associated with an increased risk of hypertension, but not diabetes or hyperlipidemia.'}","{'type': 'mixed', 'intensity': 'moderate'}"
linkedin,2024-05-27T15:00:17.144Z,https://www.linkedin.com/pulse/aripiprazole-orally-disintegrating-tablets-odt-market-xn2de,"{'name': '', 'specialty': '', 'affiliation': '', 'geographical_region': ''}","{'name': '', 'type': '', 'indication': '', 'manufacturer': '', 'approval_status': ''}","{'type': '', 'source': '', 'timestamp': '', 'insight_text': ''}","{'type': '', 'intensity': ''}"
linkedin,2024-03-20T16:21:20.441Z,https://www.linkedin.com/feed/update/urn:li:activity:7176251477080903681?updateEntityUrn=urn%3Ali%3Afs_updateV2%3A%28urn%3Ali%3Aactivity%3A7176251477080903681%2CFEED_DETAIL%2CEMPTY%2CDEFAULT%2Cfalse%29,"{'name': '', 'specialty': '', 'affiliation': '', 'geographical_region': ''}","{'name': '', 'type': '', 'indication': '', 'manufacturer': '', 'approval_status': ''}","{'type': '', 'source': '', 'timestamp': '', 'insight_text': ''}","{'type': '', 'intensity': ''}"
linkedin,2024-07-20T09:30:04.897Z,https://www.linkedin.com/pulse/north-america-pharmaceutical-grade-aripiprazole-market-rkwxf,"{'name': '', 'specialty': '', 'affiliation': '', 'geographical_region': ''}","{'name': '', 'type': '', 'indication': '', 'manufacturer': '', 'approval_status': ''}","{'type': '', 'source': '', 'timestamp': '', 'insight_text': ''}","{'type': '', 'intensity': ''}"
linkedin,2024-03-26T07:00:03.459Z,https://www.linkedin.com/pulse/olanzapine-competitive-market-size-redefining-wmruc,"{'name': '', 'specialty': '', 'affiliation': '', 'geographical_region': 'USA, New Jersey'}","{'name': '', 'type': '', 'indication': 'schizophrenia', 'manufacturer': '', 'approval_status': ''}","{'type': '', 'source': '', 'timestamp': '', 'insight_text': ''}","{'type': '', 'intensity': ''}"
linkedin,2024-03-18T12:40:43.277Z,https://www.linkedin.com/feed/update/urn:li:activity:7175471180659736577?updateEntityUrn=urn%3Ali%3Afs_updateV2%3A%28urn%3Ali%3Aactivity%3A7175471180659736577%2CFEED_DETAIL%2CEMPTY%2CDEFAULT%2Cfalse%29,"{'name': '', 'specialty': '', 'affiliation': '', 'geographical_region': ''}","{'name': '', 'type': '', 'indication': '', 'manufacturer': '', 'approval_status': ''}","{'type': 'update', 'source': 'Health Canada', 'timestamp': '2024-03-15T00:00:00', 'insight_text': 'Health Canada updated the guidance on nitrosamine impurities in medications, including several updates related to schizophrenia treatments.'}","{'type': 'neutral', 'intensity': 'moderate'}"
linkedin,2023-10-18T01:30:01.316Z,https://www.linkedin.com/feed/update/urn:li:activity:7120219438070595584?updateEntityUrn=urn%3Ali%3Afs_updateV2%3A%28urn%3Ali%3Aactivity%3A7120219438070595584%2CFEED_DETAIL%2CEMPTY%2CDEFAULT%2Cfalse%29,"{'name': 'Lucy Budrus', 'specialty': 'Clinical Pharmacist', 'affiliation': '', 'geographical_region': ''}","{'name': '', 'type': '', 'indication': '', 'manufacturer': '', 'approval_status': ''}","{'type': '', 'source': '', 'timestamp': '', 'insight_text': ''}","{'type': '', 'intensity': ''}"
linkedin,2024-06-20T15:48:59.608Z,https://www.linkedin.com/feed/update/urn:li:activity:7209583020272496640?updateEntityUrn=urn%3Ali%3Afs_updateV2%3A%28urn%3Ali%3Aactivity%3A7209583020272496640%2CFEED_DETAIL%2CEMPTY%2CDEFAULT%2Cfalse%29,"{'name': 'Julio Cesar Menezes Vieira', 'specialty': 'Psychiatry', 'affiliation': 'NHS Brazil SUS', 'geographical_region': 'Brazil'}","{'name': 'Not applicable', 'type': 'Not applicable', 'indication': 'Not applicable', 'manufacturer': 'Not applicable', 'approval_status': 'Not applicable'}","{'type': 'comparison', 'source': 'NHS Brazil SUS - Bigdata', 'timestamp': '2023-10-01T00:00:00Z', 'insight_text': 'Clozapine users had a 21% lower risk of death compared to those who used other atypical antipsychotics.'}","{'type': 'positive', 'intensity': 'moderate'}"
linkedin,2024-07-29T05:21:08.374Z,https://www.linkedin.com/feed/update/urn:li:activity:7223558142423359489?updateEntityUrn=urn%3Ali%3Afs_updateV2%3A%28urn%3Ali%3Aactivity%3A7223558142423359489%2CFEED_DETAIL%2CEMPTY%2CDEFAULT%2Cfalse%29,"{'name': '', 'specialty': '', 'affiliation': '', 'geographical_region': ''}","{'name': 'Rykindo', 'type': 'injection', 'indication': 'schizophrenia', 'manufacturer': '', 'approval_status': 'FDA approved'}","{'type': 'approval', 'source': 'US FDA', 'timestamp': '2023-10-01T00:00:00Z', 'insight_text': 'Approval of Paliperidone Palmitate extended release injection for treating schizophrenia and schizoaffective disorder.'}","{'type': 'positive', 'intensity': 'high'}"
linkedin,2024-04-19T12:32:01.858Z,https://www.linkedin.com/feed/update/urn:li:activity:7187065405369171971?updateEntityUrn=urn%3Ali%3Afs_updateV2%3A%28urn%3Ali%3Aactivity%3A7187065405369171971%2CFEED_DETAIL%2CEMPTY%2CDEFAULT%2Cfalse%29,"{'name': 'Jeff Bissen', 'specialty': 'Life Sciences', 'affiliation': '', 'geographical_region': ''}","{'name': '', 'type': '', 'indication': '', 'manufacturer': '', 'approval_status': ''}","{'type': 'infographic', 'source': 'LinkedIn', 'timestamp': '2023-10-01T00:00:00Z', 'insight_text': 'Infographics are highly memorable, with people remembering 80% of what they see and do.'}","{'type': 'positive', 'intensity': 'moderate'}"
linkedin,2024-07-26T14:00:13.132Z,https://www.linkedin.com/feed/update/urn:li:activity:7222601609409667072?updateEntityUrn=urn%3Ali%3Afs_updateV2%3A%28urn%3Ali%3Aactivity%3A7222601609409667072%2CFEED_DETAIL%2CEMPTY%2CDEFAULT%2Cfalse%29,"{'name': 'Chris Boerner, Ph.D.', 'specialty': 'CEO', 'affiliation': 'Bristol Myers Squibb', 'geographical_region': 'USA'}","{'name': '', 'type': '', 'indication': '', 'manufacturer': '', 'approval_status': ''}","{'type': 'financial report', 'source': 'Bristol Myers Squibb', 'timestamp': '2024-07-01T00:00:00Z', 'insight_text': 'The second quarter results reflect progress against our strategy to position BMS for long-term, sustainable growth, including the anticipated U.S. launch of KarXT.'}","{'type': 'positive', 'intensity': 'moderate'}"
linkedin,2024-07-11T14:46:46.383Z,https://www.linkedin.com/feed/update/urn:li:activity:7217177507169497089?updateEntityUrn=urn%3Ali%3Afs_updateV2%3A%28urn%3Ali%3Aactivity%3A7217177507169497089%2CFEED_DETAIL%2CEMPTY%2CDEFAULT%2Cfalse%29,"{'name': '', 'specialty': 'Psychiatry', 'affiliation': 'Karuna Therapeutics', 'geographical_region': 'U.S.'}","{'name': '', 'type': '', 'indication': '', 'manufacturer': '', 'approval_status': ''}","{'type': 'mechanism of action', 'source': 'clinical trial', 'timestamp': '2024-09-26T00:00:00', 'insight_text': 'KarXT acts on muscarinic receptors instead of directly blocking dopamine receptors.'}","{'type': 'positive', 'intensity': 'moderate'}"
linkedin,2024-07-19T05:59:01.793Z,https://www.linkedin.com/feed/update/urn:li:activity:7219943799177842689?updateEntityUrn=urn%3Ali%3Afs_updateV2%3A%28urn%3Ali%3Aactivity%3A7219943799177842689%2CFEED_DETAIL%2CEMPTY%2CDEFAULT%2Cfalse%29,"{'name': '', 'specialty': '', 'affiliation': '', 'geographical_region': ''}","{'name': '', 'type': '', 'indication': '', 'manufacturer': '', 'approval_status': ''}","{'type': 'clinical trial', 'source': 'Pharma-funded study', 'timestamp': '2023-10-01T00:00:00Z', 'insight_text': 'Paliperidone palmitate administered once every 6 months to adults with schizophrenia, who were clinically and functionally stable, was associated with favorable long-term outcomes for up to 3 years.'}","{'type': '', 'intensity': ''}"
linkedin,2024-02-28T12:38:05.655Z,https://www.linkedin.com/feed/update/urn:li:activity:7168585150098788353?updateEntityUrn=urn%3Ali%3Afs_updateV2%3A%28urn%3Ali%3Aactivity%3A7168585150098788353%2CFEED_DETAIL%2CEMPTY%2CDEFAULT%2Cfalse%29,"{'name': 'Krishnamohan Thullimilli', 'specialty': 'Executive Director', 'affiliation': 'SRK Bio Pharma', 'geographical_region': 'Hyderabad, India'}","{'name': '', 'type': '', 'indication': '', 'manufacturer': '', 'approval_status': ''}","{'type': 'comparison', 'source': 'company website', 'timestamp': '2023-10-01T00:00:00Z', 'insight_text': 'SRK Bio Pharma offers a wide range of APIs including those used in schizophrenia treatments, but specific details on efficacy and safety are not provided.'}","{'type': 'neutral', 'intensity': 'low'}"
linkedin,2024-08-27T22:32:27.082Z,https://www.linkedin.com/feed/update/urn:li:activity:7234326928638328833?updateEntityUrn=urn%3Ali%3Afs_updateV2%3A%28urn%3Ali%3Aactivity%3A7234326928638328833%2CFEED_DETAIL%2CEMPTY%2CDEFAULT%2Cfalse%29,"{'name': 'Not specified', 'specialty': 'Psychiatry', 'affiliation': 'Centurion Health, Geisinger Commonwealth School of Medicine, Pennsylvania Department of Corrections', 'geographical_region': 'Not specified'}","{'name': 'Not specified', 'type': 'Not specified', 'indication': 'Not specified', 'manufacturer': 'Not specified', 'approval_status': 'Not specified'}","{'type': 'research suggestion', 'source': 'clinical practice', 'timestamp': '2023-10-01T00:00:00Z', 'insight_text': 'This case needs further research but may serve as a potential option for psychiatrists serving this very challenging population.'}","{'type': 'positive', 'intensity': 'moderate'}"
linkedin,2023-12-06T13:45:09.634Z,https://www.linkedin.com/feed/update/urn:li:activity:7138161447179616256?updateEntityUrn=urn%3Ali%3Afs_updateV2%3A%28urn%3Ali%3Aactivity%3A7138161447179616256%2CFEED_DETAIL%2CEMPTY%2CDEFAULT%2Cfalse%29,"{'name': 'Editor of the Carlat Psychiatry Report', 'specialty': 'Psychiatry', 'affiliation': 'Carlat Psychiatry Report', 'geographical_region': 'Not specified'}","{'name': 'Psychotherapy', 'type': 'therapy', 'indication': 'treatment for late-life depression', 'manufacturer': 'Not applicable', 'approval_status': 'Not applicable'}","{'type': 'treatment recommendations', 'source': 'Carlat Psychiatry Report', 'timestamp': '2023-10-01T00:00:00Z', 'insight_text': 'Go to full dose (but start low/slow), use psychotherapy, avoid benzo/anticholinergics/antihistaminergics, and consider aripiprazole augmentation, ketamine, or ECT if no response.'}","{'type': 'neutral', 'intensity': 'low'}"
linkedin,2023-10-09T16:30:58.292Z,https://www.linkedin.com/feed/update/urn:li:activity:7117184678670790656?updateEntityUrn=urn%3Ali%3Afs_updateV2%3A%28urn%3Ali%3Aactivity%3A7117184678670790656%2CFEED_DETAIL%2CEMPTY%2CDEFAULT%2Cfalse%29,"{'name': '', 'specialty': '', 'affiliation': '', 'geographical_region': ''}","{'name': '', 'type': '', 'indication': '', 'manufacturer': '', 'approval_status': ''}","{'type': '', 'source': '', 'timestamp': '', 'insight_text': ''}","{'type': '', 'intensity': ''}"
linkedin,2023-06-14T04:35:09.252Z,https://www.linkedin.com/feed/update/urn:li:activity:7074605157065388032?updateEntityUrn=urn%3Ali%3Afs_updateV2%3A%28urn%3Ali%3Aactivity%3A7074605157065388032%2CFEED_DETAIL%2CEMPTY%2CDEFAULT%2Cfalse%29,"{'name': '', 'specialty': 'Psychiatry', 'affiliation': '', 'geographical_region': ''}","{'name': '', 'type': '', 'indication': '', 'manufacturer': '', 'approval_status': ''}","{'type': 'clinical trial results', 'source': 'EurekaMag', 'timestamp': '2023-10-01T00:00:00Z', 'insight_text': 'Long-term remission in schizophrenia and related psychoses with long-acting risperidone: results obtained in an open-label study with an observation period of 18 months.'}","{'type': 'positive', 'intensity': 'moderate'}"
linkedin,2024-07-30T13:42:02.832Z,https://www.linkedin.com/feed/update/urn:li:activity:7224046587822362624?updateEntityUrn=urn%3Ali%3Afs_updateV2%3A%28urn%3Ali%3Aactivity%3A7224046587822362624%2CFEED_DETAIL%2CEMPTY%2CDEFAULT%2Cfalse%29,"{'name': '', 'specialty': '', 'affiliation': '', 'geographical_region': ''}","{'name': '', 'type': '', 'indication': '', 'manufacturer': '', 'approval_status': ''}","{'type': '', 'source': '', 'timestamp': '', 'insight_text': ''}","{'type': '', 'intensity': ''}"
linkedin,2024-06-02T15:39:35.891Z,https://www.linkedin.com/feed/update/urn:li:activity:7203057674291232769?updateEntityUrn=urn%3Ali%3Afs_updateV2%3A%28urn%3Ali%3Aactivity%3A7203057674291232769%2CFEED_DETAIL%2CEMPTY%2CDEFAULT%2Cfalse%29,"{'name': 'Eric A. Hughes, MD, PhD', 'specialty': 'Global R&D and Chief Medical Officer', 'affiliation': 'Teva Pharmaceuticals', 'geographical_region': 'U.S.'}","{'name': 'Invega Sustenna', 'type': 'long-acting injectable', 'indication': 'schizophrenia', 'manufacturer': 'not specified', 'approval_status': 'not specified'}","{'type': 'clinical strategy', 'source': 'Psych Congress Elevate 2024 Annual Meeting', 'timestamp': '2024-05-30T00:00:00', 'insight_text': 'UZEDY is a long-acting formulation of risperidone with an innovative delivery system that requires no loading dose or oral supplementation and can be dosed at one- or two-month intervals to help with prevention of relapse.'}","{'type': 'positive', 'intensity': 'moderate'}"
linkedin,2023-01-18T14:16:02.074Z,https://www.linkedin.com/pulse/paliperidone-palmitate-vs-other-conventional-depot-stefan-trpkovski,"{'name': 'Not specified', 'specialty': 'Psychiatry', 'affiliation': 'Not specified', 'geographical_region': 'Not specified'}","{'name': 'Not applicable', 'type': 'Not applicable', 'indication': 'Not applicable', 'manufacturer': 'Not applicable', 'approval_status': 'Not applicable'}","{'type': 'comparison', 'source': 'Not specified', 'timestamp': 'Not specified', 'insight_text': 'Insight about using Paliperidone Palmitate versus other depot antipsychotics.'}","{'type': 'Not specified', 'intensity': 'Not specified'}"
linkedin,2024-08-09T15:30:03.375Z,https://www.linkedin.com/pulse/europe-risperidone-api-market-developments-application-44wjf,"{'name': '', 'specialty': '', 'affiliation': '', 'geographical_region': ''}","{'name': '', 'type': '', 'indication': '', 'manufacturer': '', 'approval_status': ''}","{'type': 'market impact', 'source': 'LinkedIn', 'timestamp': '2023-10-01T00:00:00Z', 'insight_text': 'Risperidone is a leading treatment for schizophrenia with various manufacturers contributing to the market.'}","{'type': 'positive', 'intensity': 'moderate'}"
linkedin,2024-04-16T12:25:21.693Z,https://www.linkedin.com/feed/update/urn:li:activity:7185976563358691328?updateEntityUrn=urn%3Ali%3Afs_updateV2%3A%28urn%3Ali%3Aactivity%3A7185976563358691328%2CFEED_DETAIL%2CEMPTY%2CDEFAULT%2Cfalse%29,"{'name': 'Roos van Westrhenen', 'specialty': 'Psychiatry', 'affiliation': 'Unknown', 'geographical_region': 'Unknown'}","{'name': 'Unknown', 'type': 'Unknown', 'indication': 'Unknown', 'manufacturer': 'Unknown', 'approval_status': 'Unknown'}","{'type': 'systematic review', 'source': 'Journal of Psychiatric Research', 'timestamp': '2023-10-01T00:00:00Z', 'insight_text': 'The systematic review discusses the influence of CYP2C19 and CYP2D6 on side effects of aripiprazole and risperidone.'}","{'type': 'positive', 'intensity': 'high'}"
linkedin,2024-06-24T05:00:11.158Z,https://www.linkedin.com/pulse/paliperidone-market-size-trends-forecast-vtuxf,"{'name': '', 'specialty': '', 'affiliation': '', 'geographical_region': ''}","{'name': '', 'type': '', 'indication': '', 'manufacturer': '', 'approval_status': ''}","{'type': '', 'source': '', 'timestamp': '', 'insight_text': ''}","{'type': '', 'intensity': ''}"
